epoch,Training Loss,Validation Loss
1,0.99460757,0.997554
2,0.99262077,0.9975197
3,0.99233145,0.99747354
4,0.9917588,0.9972759
5,0.99032396,0.99692637
6,0.99006647,0.9960425
7,0.99026585,0.99420977
8,0.9902685,0.9941952
9,0.9888306,0.9913621
10,0.9892379,0.99061346
11,0.9889669,0.9895432
12,0.9878683,0.9891728
13,0.98777455,0.98875093
14,0.9862032,0.9877738
15,0.9861573,0.98783904
16,0.9852885,0.98730713
17,0.9852703,0.9885677
18,0.98369426,0.9869749
19,0.98319757,0.9857317
20,0.98194724,0.9844167
21,0.9802861,0.98359275
22,0.97854275,0.9828688
23,0.977041,0.9809303
24,0.973495,0.9811344
25,0.972366,0.9779444
26,0.9689338,0.97667986
27,0.9684658,0.9742796
28,0.96343446,0.97148854
29,0.95864743,0.96956605
30,0.9550302,0.963936
31,0.94234574,0.9573364
32,0.94051117,0.9542568
33,0.9353543,0.9387853
34,0.92580503,0.9340377
35,0.91373944,0.92679244
36,0.90203637,0.9453732
37,0.8935381,0.90992415
38,0.87872046,0.89002216
39,0.8520564,0.8983003
40,0.81583387,0.8752481
41,0.79386973,0.8384875
42,0.76413167,0.833948
43,0.73520315,0.7398982
44,0.67917,0.7325856
45,0.6431735,0.7087743
46,0.62185615,0.6647746
47,0.56254286,0.59006226
48,0.53622216,0.5012031
49,0.46958268,0.42392266
50,0.44503695,0.4635676
51,0.42248315,0.4672503
52,0.3861902,0.397716
53,0.36400583,0.32565635
54,0.33313924,0.31467885
55,0.36643827,0.33526802
56,0.34182602,0.31912374
57,0.34833828,0.38034058
58,0.39151537,0.3747403
59,0.35054097,0.38972634
60,0.32354945,0.45358455
61,0.34545833,0.44082105
62,0.31553105,0.26165396
63,0.31080294,0.29401737
64,0.29035476,0.29708612
65,0.28121564,0.28968745
66,0.2526966,0.3514012
67,0.2777437,0.2805947
68,0.2548674,0.29687953
69,0.25643453,0.23886865
70,0.25645387,0.23280215
71,0.2336111,0.26389533
72,0.2475363,0.23152119
73,0.23532397,0.2260797
74,0.23388988,0.23158652
75,0.25293934,0.23113102
76,0.25319996,0.26654768
77,0.25615484,0.23300302
78,0.24331336,0.21927094
79,0.23358017,0.211142
80,0.23456952,0.21319246
81,0.22740972,0.23094118
82,0.2562552,0.25128835
83,0.264605,0.24569356
84,0.24474543,0.26016116
85,0.22493477,0.21158892
86,0.23757581,0.23885244
87,0.21895352,0.27077353
88,0.23688123,0.22028154
89,0.23048696,0.23608536
90,0.23890258,0.24465275
91,0.22938114,0.2210427
92,0.20840481,0.23451596
93,0.21272245,0.2386074
94,0.205372,0.21150267
95,0.21306643,0.19601703
96,0.24077564,0.19490677
97,0.24614765,0.2135551
98,0.23610109,0.25634748
99,0.22925,0.22272694
100,0.22270857,0.2179454
101,0.22622941,0.24299508
102,0.2368112,0.24374074
103,0.22805488,0.22275835
104,0.21826696,0.24380118
105,0.2234526,0.2823757
106,0.22059603,0.22307402
107,0.21552314,0.21036106
108,0.22391473,0.21453059
109,0.20589471,0.2147916
110,0.2106059,0.21680164
111,0.20410703,0.20105606
112,0.19441608,0.22575021
113,0.20754345,0.20748919
114,0.22634634,0.2197935
115,0.2112753,0.25613678
116,0.21221296,0.25400108
117,0.22623262,0.24031037
118,0.22583647,0.22497547
119,0.20900199,0.23739856
120,0.19797514,0.22314674
121,0.20248528,0.21261215
122,0.20519812,0.19812691
123,0.2067323,0.20613343
124,0.21178783,0.21845031
125,0.21751148,0.20092154
126,0.19197161,0.21298277
127,0.19540198,0.20374519
128,0.21218218,0.19278622
129,0.19356686,0.18414581
130,0.20753208,0.19979966
131,0.21078736,0.21015167
132,0.22281769,0.23422635
133,0.20846866,0.1985187
134,0.21228069,0.23919863
135,0.19729012,0.22118026
136,0.20197995,0.20038116
137,0.19860035,0.20240068
138,0.20418125,0.19674575
139,0.19693376,0.19199443
140,0.2033025,0.19845283
141,0.19690551,0.19836557
142,0.19264488,0.18394005
143,0.1889793,0.17858738
144,0.18385692,0.1803078
145,0.19080198,0.1743887
146,0.1828036,0.17944914
147,0.19825117,0.19039166
148,0.18401721,0.19661075
149,0.21092409,0.18825209
150,0.19514012,0.22791928
151,0.22242025,0.26374388
152,0.24530923,0.24619931
153,0.21313702,0.20416164
154,0.24329485,0.18307942
155,0.22828954,0.25584042
156,0.22011524,0.2762457
157,0.23822993,0.21462637
158,0.21842808,0.19192415
159,0.21859598,0.20437104
160,0.21468186,0.25097644
161,0.21312888,0.20356596
162,0.20401883,0.17703134
163,0.18738163,0.20204294
164,0.19783357,0.19092035
165,0.18825324,0.18851
166,0.19647071,0.20920551
167,0.20312753,0.21576995
168,0.20315626,0.19171125
169,0.19671938,0.20368302
170,0.20184895,0.19140983
171,0.1963391,0.24283344
172,0.19238715,0.20730788
173,0.1898425,0.17657751
174,0.18852337,0.1808182
175,0.19643867,0.17922664
176,0.18851063,0.18298626
177,0.18554603,0.1934076
178,0.20169339,0.18850034
179,0.18580148,0.18442178
180,0.18009353,0.17854351
181,0.16697778,0.17806405
182,0.17768325,0.1713981
183,0.17323576,0.17521727
184,0.1953155,0.17296845
185,0.19609542,0.17267764
186,0.18423983,0.18155521
187,0.18309298,0.18110192
188,0.17618005,0.17370993
189,0.16427512,0.1669423
190,0.19247054,0.1681509
191,0.18345115,0.17410612
192,0.16942844,0.18101513
193,0.17659792,0.17971289
194,0.180132,0.17854732
195,0.18749325,0.1829837
196,0.17322758,0.18571573
197,0.16711481,0.1777159
198,0.17096372,0.18220282
199,0.18694648,0.1850375
200,0.18124825,0.1832431
