image,cls,defect_px,pred_px,specificity,sensitivity,precision,F1_score,F2_score,DSC,F_beta,MAE,acc,MAE_prob,F_beta_corr,degenerate
exp1_num_297464,Blowhole,32,28,0.999960114849235,0.8124999746093758,0.9285713954081645,0.8666667143589505,0.8333333344017094,0.8666666688888889,0.8989362317605337,0.00015943877551020407,0.9998405612244898,0.00016618896546882273,0.8989362317605337,False
exp4_num_54308,Blowhole,275,248,0.9998396825514551,0.872727269553719,0.9677419315816858,0.917782067931227,0.8902077152149794,0.917782026925847,0.9440242501640266,0.0008569834183673469,0.9991430165816326,0.0008545444839496623,0.9440242501640266,False
exp3_num_108757,Blowhole,55,48,0.9999600965463586,0.8363636211570251,0.958333313368056,0.8932039256578486,0.8582089557529516,0.8932038845320012,0.9271318290965606,0.0002192283163265306,0.9997807716836735,0.0002252059297009702,0.9271318290965606,False
exp2_num_40424,Blowhole,152,194,0.9991404125819778,0.9934210460959142,0.7783505114518015,0.8728324366711663,0.9413965088012513,0.872832370309733,0.8192822797427027,0.0008769132653061224,0.9991230867346939,0.0008837605821918026,0.8192822797427027,False
exp6_num_346414,Blowhole,18,0,0.999999999980063,0.0,0.0,1.0,1.3888888695987657e-08,5.555555246913597e-08,1.0,0.0003587372448979592,0.999641262755102,0.0003630208841342908,0.0,True
exp1_num_327970,Blowhole,37,34,0.9999800554259164,0.8918918677867064,0.9705882067474058,0.929577476414608,0.9065934071066296,0.9295774657805991,0.9512195260085482,9.964923469387755e-05,0.9999003507653061,0.00010487148810291036,0.9512195260085482,False
exp3_num_328014,Blowhole,43,36,0.9999002652743721,0.7209302157923206,0.8611110871913588,0.7848102427339838,0.7451923089173447,0.7848101293062009,0.8241310370292816,0.00033880739795918367,0.9996611926020408,0.000337575403669123,0.8241310370292816,False
exp1_num_4944,Blowhole,125,133,0.9995005094603604,0.863999993088,0.8120300690824807,0.8372093929642785,0.8530805689524793,0.837209302956553,0.8234605636664666,0.0008370535714285714,0.9991629464285714,0.0008518634975768024,0.8234605636664666,False
exp5_num_54331,Blowhole,255,220,0.9999799683299617,0.8588235260438293,0.995454540929752,0.9221053012834465,0.883064516223335,0.9221052633218837,0.9602023910504788,0.0007374043367346938,0.9992625956632653,0.0007348555091259429,0.9602023910504788,False
exp4_num_297524,Blowhole,22,25,0.9999401842126263,0.9999999545454565,0.8799999648000014,0.9361702068809479,0.9734513276685723,0.936170214124038,0.9050633290137547,5.978954081632653e-05,0.9999402104591837,6.617702550595138e-05,0.9050633290137547,False
exp3_num_54291,Blowhole,227,224,0.9997597549300334,0.9339207007316269,0.9464285672034439,0.9401330653631081,0.936395759773502,0.9401330378267561,0.943512537904479,0.0005381058673469387,0.9994618941326531,0.0005287425110913367,0.943512537904479,False
exp3_num_853,Blowhole,108,0,0.9999999999800272,0.0,0.0,1.0,2.314814809456447e-09,9.259259173525378e-09,1.0,0.002152423469387755,0.9978475765306123,0.002156594858158102,0.0,True
exp3_num_51711,Blowhole,102,97,0.9998402364300867,0.8725490110534411,0.9175257637368478,0.8944724117708706,0.8811881190471522,0.8944723623393349,0.906739883924994,0.0004185267857142857,0.9995814732142857,0.0004163579236332847,0.906739883924994,False
exp5_num_328057,Blowhole,46,38,0.9999401555755049,0.7608695486767489,0.9210526073407209,0.8333334125849898,0.7882882892419446,0.8333333353174603,0.8783784735952666,0.00027901785714285713,0.9997209821428571,0.00028204233394760615,0.8783784735952666,False
exp3_num_346347,Blowhole,11,0,0.9999999999800657,0.0,0.0,1.0,2.2727272210743815e-08,9.090908264462886e-08,1.0,0.0002192283163265306,0.9997807716836735,0.0002232523547107194,0.0,True
exp6_num_291134,Blowhole,172,66,0.9998400127789808,0.3372093003650622,0.8787878654729112,0.48739537543827566,0.38461538543154455,0.48739496013699596,0.6411570527272432,0.0024314413265306123,0.9975685586734694,0.002425588135346371,0.6411570527272432,False
exp6_num_36280,Blowhole,330,259,0.9998395056574281,0.7606060583011938,0.969111965370224,0.8522921028736897,0.794806839901959,0.852292020624292,0.9114525948801419,0.0017338966836734694,0.9982661033163265,0.0017397242180366532,0.9114525948801419,False
exp5_num_346381,Blowhole,21,0,0.9999999999800618,0.0,0.0,1.0,1.1904761763038551e-08,4.761904535147403e-08,1.0,0.0004185267857142857,0.9995814732142857,0.00042279275106881355,0.0,True
exp2_num_36302,Blowhole,214,248,0.9990192546135259,0.9299065377107171,0.8024193516031478,0.8614719377090599,0.90126811603146,0.8614718617717059,0.8286356330061861,0.0012755102040816326,0.9987244897959183,0.0012733929941757532,0.8286356330061861,False
exp6_num_262705,Blowhole,55,39,0.9999999999800483,0.7090908961983474,0.999999974358975,0.8297873159800362,0.7528957538498233,0.8297872358533273,0.9135135778231672,0.00031887755102040814,0.9996811224489796,0.0003225451378714244,0.9135135778231672,False
exp4_num_51725,Blowhole,79,93,0.9997005808531508,0.9873417596539018,0.8387096684009713,0.9069767845820813,0.95354523238742,0.9069767447268794,0.8688946976825036,0.00031887755102040814,0.9996811224489796,0.0003216050121046823,0.8688946976825036,False
exp4_num_328029,Blowhole,42,40,0.9999601068935261,0.9047618832199552,0.9499999762500007,0.9268292851372855,0.9134615388775887,0.926829269185009,0.9391635260209141,0.00011957908163265306,0.9998804209183674,0.00012373806507088529,0.9391635260209141,False
exp4_num_4779,Blowhole,222,185,0.9998598710613793,0.801801798190082,0.9621621569612856,0.8746929414318286,0.829450139953914,0.8746928750007547,0.9197139003529848,0.001016422193877551,0.9989835778061225,0.0010096885640984098,0.9197139003529848,False
exp6_num_308130,Blowhole,29,26,0.999960117235329,0.8275861783590973,0.9230768875739658,0.8727273136914404,0.8450704236262646,0.8727272750413223,0.8991355043213349,0.00013950892857142856,0.9998604910714286,0.00013399364609541914,0.8991355043213349,False
exp3_num_85897,Crack,121,94,0.9994605933273507,0.5537190036882728,0.7127659498641921,0.6232561056278251,0.5795847758138671,0.6232558157057869,0.668457831266311,0.0016143176020408164,0.9983856823979592,0.001644748785327555,0.668457831266311,False
exp4_num_88149,Crack,166,120,0.999999999980004,0.7228915619102918,0.9999999916666668,0.8391609266467296,0.765306122748334,0.8391608397232139,0.9187279876137097,0.0009167729591836735,0.9990832270408163,0.0009387828922811101,0.9187279876137097,False
exp5_num_88170,Crack,133,130,0.9987810482785049,0.5187969885804737,0.5307692266863906,0.5247152777463088,0.5211480369771178,0.5247148307045063,0.5279583142891393,0.0024912308673469387,0.9975087691326531,0.0025177441678004724,0.5279583142891393,False
exp6_num_86064,Crack,168,122,0.9999999999800032,0.7261904718679139,0.9999999918032788,0.8413793964327689,0.7682619650273779,0.8413793108917955,0.9199536673540853,0.0009167729591836735,0.9990832270408163,0.0009263761865204787,0.9199536673540853,False
exp6_num_265737,Crack,179,98,0.9999799987799272,0.5418994383134109,0.9897959082673887,0.7003612013991519,0.5958230963196276,0.7003610119120541,0.8312460740787423,0.0016541772959183674,0.9983458227040817,0.0016479388125581731,0.8312460740787423,False
exp5_num_85642,Crack,141,149,0.9986009792945219,0.5602836839696193,0.530201338723481,0.5448279998527219,0.5539971955764416,0.5448275877764566,0.5368537504949353,0.0026307397959183672,0.9973692602040817,0.0026441864370827187,0.5368537504949353,False
exp2_num_86854,Crack,191,91,0.9999199759727935,0.45549737981414984,0.9560439455379787,0.6170215435390444,0.5087719303990972,0.6170212779538252,0.7626436036952592,0.002152423469387755,0.9978475765306123,0.0021330781637050504,0.7626436036952592,False
exp5_num_116575,Crack,115,150,0.9991410479015772,0.9304347745179585,0.7133333285777779,0.8075472807968379,0.8770491805294276,0.8075471705375579,0.7539297489978103,0.001016422193877551,0.9989835778061225,0.001014136315532256,0.7539297489978103,False
exp1_num_86828,Crack,165,71,0.9998400351722653,0.38181817950413227,0.8873239311644517,0.5338986678171903,0.4309165534460786,0.5338983070597529,0.679668536786974,0.002192283163265306,0.9978077168367347,0.0021850562572509648,0.679668536786974,False
exp6_num_85665,Crack,198,122,0.9999999999799912,0.6161616130496889,0.9999999918032788,0.7625001421874131,0.6673960616330459,0.7625000007421875,0.8743110460298174,0.0015146683673469387,0.9984853316326531,0.001526017918946705,0.8743110460298174,False
exp5_num_32201,Crack,349,266,0.9996186806149353,0.7077363876569158,0.9285714250805586,0.8032521501470224,0.7430806259066903,0.8032520328402406,0.8661992154368805,0.0024115114795918366,0.9975884885204082,0.0024159009317838926,0.8661992154368805,False
exp1_num_3191,Crack,208,95,0.9996397694324439,0.370192305912537,0.8105263072576179,0.5082512382103208,0.4153182314829361,0.5082508267054429,0.6359599275377773,0.002969547193877551,0.9970304528061225,0.0029903610513867117,0.6359599275377773,False
exp3_num_258867,Free,0,0,0.9999999999800702,0.0,0.0,1.0,1.0,1.0,1.0,0.0,1.0,4.101417801073795e-06,1.0,False
exp6_num_174804,Free,0,0,0.9999999999800702,0.0,0.0,1.0,1.0,1.0,1.0,0.0,1.0,4.2100144678696026e-06,1.0,False
exp4_num_180371,Free,0,0,0.9999999999800702,0.0,0.0,1.0,1.0,1.0,1.0,0.0,1.0,4.081053279658913e-06,1.0,False
exp4_num_316737,Free,0,0,0.9999999999800702,0.0,0.0,1.0,1.0,1.0,1.0,0.0,1.0,3.860830594782135e-06,1.0,False
exp6_num_37675,Free,0,0,0.9999999999800702,0.0,0.0,1.0,1.0,1.0,1.0,0.0,1.0,4.331361477559541e-06,1.0,False
exp3_num_269121,Free,0,0,0.9999999999800702,0.0,0.0,1.0,1.0,1.0,1.0,0.0,1.0,4.010358351247072e-06,1.0,False
exp3_num_316726,Free,0,0,0.9999999999800702,0.0,0.0,1.0,1.0,1.0,1.0,0.0,1.0,4.068801778289381e-06,1.0,False
exp2_num_275393,Free,0,0,0.9999999999800702,0.0,0.0,1.0,1.0,1.0,1.0,0.0,1.0,4.129014529576488e-06,1.0,False
exp2_num_306443,Free,0,0,0.9999999999800702,0.0,0.0,1.0,1.0,1.0,1.0,0.0,1.0,9.107818473511945e-06,1.0,False
exp2_num_193126,Free,0,0,0.9999999999800702,0.0,0.0,1.0,1.0,1.0,1.0,0.0,1.0,3.7826125985454686e-06,1.0,False
exp6_num_316778,Free,0,0,0.9999999999800702,0.0,0.0,1.0,1.0,1.0,1.0,0.0,1.0,4.0067584093892435e-06,1.0,False
exp5_num_183254,Free,0,180,0.996412627531162,0.0,0.0,1.0,5.555555524691358e-09,5.555555524691358e-09,1.0,0.003587372448979592,0.9964126275510204,0.003571332121829388,0.0,True
exp1_num_316698,Free,0,0,0.9999999999800702,0.0,0.0,1.0,1.0,1.0,1.0,0.0,1.0,4.672721436297106e-06,1.0,False
exp2_num_262233,Free,0,0,0.9999999999800702,0.0,0.0,1.0,1.0,1.0,1.0,0.0,1.0,4.291052455758221e-06,1.0,False
exp1_num_118871,Free,0,0,0.9999999999800702,0.0,0.0,1.0,1.0,1.0,1.0,0.0,1.0,5.025105689714122e-06,1.0,False
exp4_num_117012,Free,0,0,0.9999999999800702,0.0,0.0,1.0,1.0,1.0,1.0,0.0,1.0,4.017552791817113e-06,1.0,False
exp1_num_71177,Free,0,6,0.9998804208984399,0.0,0.0,1.0,1.666666388888935e-07,1.666666388888935e-07,1.0,0.00011957908163265306,0.9998804209183674,0.00013443328769567297,0.0,True
